raw,canonical
buddy storbeck's diesel service inc,buddy storbeck's diesel service inc
c & m motors inc,c & m motors inc
capitol kia,capitol kia
chrysler of tri-cities,chrysler of tri-cities
chrysler plymouth,chrysler plymouth
classic chevy,classic chevy
clay johnson auto sales,clay johnson auto sales
diehl motor co inc,diehl motor co inc
enterprise rent a car,enterprise rent a car
gartner buick hyundai saab,gartner buick hyundai saab
hatfield volkswagen,hatfield volkswagen
iceberg rentals,iceberg rentals
mckinney dodge chrysler jeep,mckinney dodge chrysler jeep
motor vehicle branch office,motor vehicle branch office
nebo chevrolet,nebo chevrolet
new castle ford lincoln mercury,new castle ford lincoln mercury
pars auto sales,pars auto sales
pitre buick-pontiac-gmc of scottsdale,pitre buick-pontiac-gmc of scottsdale
progressive shippers cooperative association no,progressive shippers cooperative association no
rabun used car sales,rabun used car sales
race car help,race car help
ryder truck rental and leasing,ryder truck rental and leasing
saab-belle dodge,saab-belle dodge
scrivener performance engineering,scrivener performance engineering
star enterprises inc,star enterprises inc
suburban ford,suburban ford
tri-state mack inc,tri-state mack inc
u-haul co,u-haul co
